<?xml version="1.0" encoding="UTF-8" standalone="no"?>
<hazelcast xmlns="http://www.hazelcast.com/schema/config" xmlns:xsi="http://www.w3.org/2001/XMLSchema-instance" xsi:schemaLocation="http://www.hazelcast.com/schema/config hazelcast-config-3.10.xsd">
  <network>
    <port auto-increment="true" port-count="100">5701</port>

    <outbound-ports>
      <!--
          Allowed port range when connecting to other nodes.
          0 or * means use system provided port.
      -->
      <ports>0</ports>
    </outbound-ports>

    <join>
      <multicast enabled="false"/>
      <tcp-ip enabled="true">
      <member-list>
       <member>10.255.28.37</member>
       <member>10.255.28.38</member>
       <member>10.255.28.39</member> 
      </member-list>
      </tcp-ip>
      <aws enabled="false"/>
      <discovery-strategies>
        <discovery-strategy enabled="true" class="com.hazelcast.spi.discovery.multicast.MulticastDiscoveryStrategy">
          <properties>
            <property name="group">224.2.2.3</property>
            <property name="port">54327</property>
          </properties>
        </discovery-strategy>
      </discovery-strategies>
    </join>

    <interfaces enabled="true">
      <interface>10.255.28.37</interface>
    </interfaces>

    <ssl enabled="false"/>

    <socket-interceptor enabled="false"/>

    <symmetric-encryption enabled="false">
      <!--
         encryption algorithm such as
         DES/ECB/PKCS5Padding,
         PBEWithMD5AndDES,
         AES/CBC/PKCS5Padding,
         Blowfish,
         DESede
      -->
      <algorithm>PBEWithMD5AndDES</algorithm>
      <!-- salt value to use when generating the secret key -->
      <salt>thesalt</salt>
      <!-- pass phrase to use when generating the secret key -->
      <password>removed</password>
      <!-- iteration count to use when generating the secret key -->
      <iteration-count>19</iteration-count>
    </symmetric-encryption>
    <failure-detector>
      <icmp enabled="false"/>
    </failure-detector>
  </network>
</hazelcast>
