{"info":{"name":"security","default-cluster-id":3,"exporter-version":12,"engine-version":"2.2.37 (build a7541e7ceeabf592dd9a7b2928b6c023cbc73193, branch 2.2.x)","engine-build":"a7541e7ceeabf592dd9a7b2928b6c023cbc73193","storage-config-version":18,"schema-version":4,"schemaRecordId":"#0:1","indexMgrRecordId":"#0:2"},"clusters":[{"name":"internal","id":0},{"name":"index","id":1},{"name":"manindex","id":2},{"name":"default","id":3},{"name":"orole","id":4},{"name":"ouser","id":5},{"name":"ofunction","id":6},{"name":"osequence","id":7},{"name":"oschedule","id":8},{"name":"v","id":9},{"name":"v_1","id":10},{"name":"v_2","id":11},{"name":"v_3","id":12},{"name":"v_4","id":13},{"name":"v_5","id":14},{"name":"v_6","id":15},{"name":"v_7","id":16},{"name":"e","id":17},{"name":"e_1","id":18},{"name":"e_2","id":19},{"name":"e_3","id":20},{"name":"e_4","id":21},{"name":"e_5","id":22},{"name":"e_6","id":23},{"name":"e_7","id":24},{"name":"usertoken_record","id":25},{"name":"usertoken_record_1","id":26},{"name":"usertoken_record_2","id":27},{"name":"usertoken_record_3","id":28},{"name":"usertoken_record_4","id":29},{"name":"usertoken_record_5","id":30},{"name":"usertoken_record_6","id":31},{"name":"usertoken_record_7","id":32},{"name":"api_key","id":33},{"name":"api_key_1","id":34},{"name":"api_key_2","id":35},{"name":"api_key_3","id":36},{"name":"api_key_4","id":37},{"name":"api_key_5","id":38},{"name":"api_key_6","id":39},{"name":"api_key_7","id":40},{"name":"user","id":41},{"name":"user_1","id":42},{"name":"user_2","id":43},{"name":"user_3","id":44},{"name":"user_4","id":45},{"name":"user_5","id":46},{"name":"user_6","id":47},{"name":"user_7","id":48},{"name":"role","id":49},{"name":"role_1","id":50},{"name":"role_2","id":51},{"name":"role_3","id":52},{"name":"role_4","id":53},{"name":"role_5","id":54},{"name":"role_6","id":55},{"name":"role_7","id":56},{"name":"privilege","id":57},{"name":"privilege_1","id":58},{"name":"privilege_2","id":59},{"name":"privilege_3","id":60},{"name":"privilege_4","id":61},{"name":"privilege_5","id":62},{"name":"privilege_6","id":63},{"name":"privilege_7","id":64},{"name":"user_role_mapping","id":65},{"name":"user_role_mapping_1","id":66},{"name":"user_role_mapping_2","id":67},{"name":"user_role_mapping_3","id":68},{"name":"user_role_mapping_4","id":69},{"name":"user_role_mapping_5","id":70},{"name":"user_role_mapping_6","id":71},{"name":"user_role_mapping_7","id":72},{"name":"anonymous","id":73},{"name":"realm","id":74},{"name":"saml_user","id":75},{"name":"saml_user_1","id":76},{"name":"saml_user_2","id":77},{"name":"saml_user_3","id":78},{"name":"saml_user_4","id":79},{"name":"saml_user_5","id":80},{"name":"saml_user_6","id":81},{"name":"saml_user_7","id":82}],"schema":{"version":1,"blob-clusters":[],"classes":[{"name":"E","default-cluster-id":17,"cluster-ids":[17,18,19,20,21,22,23,24],"cluster-selection":"round-robin"},{"name":"OFunction","default-cluster-id":6,"cluster-ids":[6],"cluster-selection":"round-robin","properties":[{"name":"code","type":"STRING","collate":"default"},{"name":"idempotent","type":"BOOLEAN","collate":"default"},{"name":"language","type":"STRING","collate":"default"},{"name":"name","type":"STRING","mandatory":true,"not-null":true,"collate":"default"},{"name":"parameters","type":"EMBEDDEDLIST","linked-type":"STRING","collate":"default"}]},{"name":"OIdentity","default-cluster-id":-1,"cluster-ids":[-1],"abstract":true,"cluster-selection":"round-robin"},{"name":"ORestricted","default-cluster-id":-1,"cluster-ids":[-1],"abstract":true,"cluster-selection":"round-robin","properties":[{"name":"_allow","type":"LINKSET","linked-class":"OIdentity","collate":"default"},{"name":"_allowDelete","type":"LINKSET","linked-class":"OIdentity","collate":"default"},{"name":"_allowRead","type":"LINKSET","linked-class":"OIdentity","collate":"default"},{"name":"_allowUpdate","type":"LINKSET","linked-class":"OIdentity","collate":"default"}]},{"name":"ORole","default-cluster-id":4,"cluster-ids":[4],"super-classes":["OIdentity"],"cluster-selection":"round-robin","properties":[{"name":"inheritedRole","type":"LINK","linked-class":"ORole","collate":"default"},{"name":"mode","type":"BYTE","collate":"default"},{"name":"name","type":"STRING","mandatory":true,"not-null":true,"collate":"ci"},{"name":"rules","type":"EMBEDDEDMAP","linked-type":"BYTE","collate":"default"}]},{"name":"OSchedule","default-cluster-id":8,"cluster-ids":[8],"cluster-selection":"round-robin","properties":[{"name":"arguments","type":"EMBEDDEDMAP","collate":"default"},{"name":"function","type":"LINK","mandatory":true,"not-null":true,"linked-class":"OFunction","collate":"default"},{"name":"name","type":"STRING","mandatory":true,"not-null":true,"collate":"default"},{"name":"rule","type":"STRING","mandatory":true,"not-null":true,"collate":"default"},{"name":"starttime","type":"DATETIME","collate":"default"},{"name":"status","type":"STRING","collate":"default"}]},{"name":"OSequence","default-cluster-id":7,"cluster-ids":[7],"cluster-selection":"round-robin","properties":[{"name":"incr","type":"INTEGER","collate":"default"},{"name":"name","type":"STRING","collate":"default"},{"name":"start","type":"LONG","collate":"default"},{"name":"type","type":"STRING","collate":"default"},{"name":"value","type":"LONG","collate":"default"}]},{"name":"OTriggered","default-cluster-id":-1,"cluster-ids":[-1],"abstract":true,"cluster-selection":"round-robin"},{"name":"OUser","default-cluster-id":5,"cluster-ids":[5],"super-classes":["OIdentity"],"cluster-selection":"round-robin","properties":[{"name":"name","type":"STRING","mandatory":true,"not-null":true,"min":"1","collate":"ci","regexp":"\\S+(.*\\S+)*"},{"name":"password","type":"STRING","mandatory":true,"not-null":true,"collate":"default"},{"name":"roles","type":"LINKSET","linked-class":"ORole","collate":"default"},{"name":"status","type":"STRING","mandatory":true,"not-null":true,"collate":"default"}]},{"name":"V","default-cluster-id":9,"cluster-ids":[9,10,11,12,13,14,15,16],"cluster-selection":"round-robin"},{"name":"anonymous","default-cluster-id":73,"cluster-ids":[73],"cluster-selection":"round-robin","properties":[{"name":"enabled","type":"BOOLEAN","mandatory":true,"not-null":true,"collate":"default"},{"name":"realm_name","type":"STRING","not-null":true,"collate":"default"},{"name":"user_id","type":"STRING","not-null":true,"collate":"default"}]},{"name":"privilege","default-cluster-id":57,"cluster-ids":[57,58,59,60,61,62,63,64],"cluster-selection":"round-robin","properties":[{"name":"description","type":"STRING","collate":"default"},{"name":"id","type":"STRING","not-null":true,"collate":"default"},{"name":"name","type":"STRING","not-null":true,"collate":"default"},{"name":"properties","type":"EMBEDDEDMAP","not-null":true,"collate":"default"},{"name":"type","type":"STRING","not-null":true,"collate":"default"}]},{"name":"realm","default-cluster-id":74,"cluster-ids":[74],"cluster-selection":"round-robin","properties":[{"name":"realm_names","type":"EMBEDDEDLIST","collate":"default"}]},{"name":"role","default-cluster-id":49,"cluster-ids":[49,50,51,52,53,54,55,56],"cluster-selection":"round-robin","properties":[{"name":"description","type":"STRING","collate":"default"},{"name":"id","type":"STRING","not-null":true,"collate":"default"},{"name":"name","type":"STRING","not-null":true,"collate":"default"},{"name":"privileges","type":"EMBEDDEDSET","collate":"default"},{"name":"roles","type":"EMBEDDEDSET","collate":"default"}]},{"name":"saml_user","default-cluster-id":75,"cluster-ids":[75,76,77,78,79,80,81,82],"cluster-selection":"round-robin","properties":[{"name":"email","type":"STRING","collate":"default"},{"name":"firstName","type":"STRING","collate":"default"},{"name":"id","type":"STRING","not-null":true,"collate":"default"},{"name":"lastName","type":"STRING","collate":"default"},{"name":"roles","type":"EMBEDDEDSET","not-null":true,"collate":"default"},{"name":"status","type":"STRING","not-null":true,"collate":"default"}]},{"name":"user","default-cluster-id":41,"cluster-ids":[41,42,43,44,45,46,47,48],"cluster-selection":"round-robin","properties":[{"name":"email","type":"STRING","not-null":true,"collate":"default"},{"name":"firstName","type":"STRING","collate":"default"},{"name":"id","type":"STRING","not-null":true,"collate":"default"},{"name":"lastName","type":"STRING","collate":"default"},{"name":"password","type":"STRING","not-null":true,"collate":"default"},{"name":"status","type":"STRING","not-null":true,"collate":"default"}]},{"name":"user_role_mapping","default-cluster-id":65,"cluster-ids":[65,66,67,68,69,70,71,72],"cluster-selection":"round-robin","properties":[{"name":"roles","type":"EMBEDDEDSET","collate":"default"},{"name":"source","type":"STRING","not-null":true,"collate":"default"},{"name":"userId","type":"STRING","not-null":true,"collate":"default"}]}]},"records":[{"@type":"b","@rid":"#0:0","@version":1,"value":"AAAAAA=="},{"@type":"d","@rid":"#0:1","@version":130,"schemaVersion":4,"globalProperties":[{"@type":"d","@version":0,"name":"name","type":"STRING","id":0},{"@type":"d","@version":0,"name":"mode","type":"BYTE","id":1},{"@type":"d","@version":0,"name":"rules","type":"EMBEDDEDMAP","id":2},{"@type":"d","@version":0,"name":"inheritedRole","type":"LINK","id":3},{"@type":"d","@version":0,"name":"password","type":"STRING","id":4},{"@type":"d","@version":0,"name":"roles","type":"LINKSET","id":5},{"@type":"d","@version":0,"name":"status","type":"STRING","id":6},{"@type":"d","@version":0,"name":"_allow","type":"LINKSET","id":7},{"@type":"d","@version":0,"name":"_allowRead","type":"LINKSET","id":8},{"@type":"d","@version":0,"name":"_allowUpdate","type":"LINKSET","id":9},{"@type":"d","@version":0,"name":"_allowDelete","type":"LINKSET","id":10},{"@type":"d","@version":0,"name":"code","type":"STRING","id":11},{"@type":"d","@version":0,"name":"language","type":"STRING","id":12},{"@type":"d","@version":0,"name":"idempotent","type":"BOOLEAN","id":13},{"@type":"d","@version":0,"name":"parameters","type":"EMBEDDEDLIST","id":14},{"@type":"d","@version":0,"name":"start","type":"LONG","id":15},{"@type":"d","@version":0,"name":"incr","type":"INTEGER","id":16},{"@type":"d","@version":0,"name":"value","type":"LONG","id":17},{"@type":"d","@version":0,"name":"type","type":"STRING","id":18},{"@type":"d","@version":0,"name":"rule","type":"STRING","id":19},{"@type":"d","@version":0,"name":"arguments","type":"EMBEDDEDMAP","id":20},{"@type":"d","@version":0,"name":"function","type":"LINK","id":21},{"@type":"d","@version":0,"name":"starttime","type":"DATETIME","id":22},{"@type":"d","@version":0,"name":"username","type":"STRING","id":23},{"@type":"d","@version":0,"name":"namecode","type":"STRING","id":24},{"@type":"d","@version":0,"name":"api_key","type":"STRING","id":25},{"@type":"d","@version":0,"name":"domain","type":"STRING","id":26},{"@type":"d","@version":0,"name":"primary_principal","type":"STRING","id":27},{"@type":"d","@version":0,"name":"principals","type":"BINARY","id":28},{"@type":"d","@version":0,"name":"id","type":"STRING","id":29},{"@type":"d","@version":0,"name":"firstName","type":"STRING","id":30},{"@type":"d","@version":0,"name":"lastName","type":"STRING","id":31},{"@type":"d","@version":0,"name":"email","type":"STRING","id":32},{"@type":"d","@version":0,"name":"description","type":"STRING","id":33},{"@type":"d","@version":0,"name":"privileges","type":"EMBEDDEDSET","id":34},{"@type":"d","@version":0,"name":"roles","type":"EMBEDDEDSET","id":35},{"@type":"d","@version":0,"name":"properties","type":"EMBEDDEDMAP","id":36},{"@type":"d","@version":0,"name":"userId","type":"STRING","id":37},{"@type":"d","@version":0,"name":"source","type":"STRING","id":38},{"@type":"d","@version":0,"name":"enabled","type":"BOOLEAN","id":39},{"@type":"d","@version":0,"name":"user_id","type":"STRING","id":40},{"@type":"d","@version":0,"name":"realm_name","type":"STRING","id":41},{"@type":"d","@version":0,"name":"realm_names","type":"EMBEDDEDLIST","id":42}],"classes":[{"@type":"d","@version":0,"name":"OIdentity","shortName":null,"description":null,"defaultClusterId":-1,"clusterIds":[-1],"clusterSelection":"round-robin","overSize":0.0,"strictMode":false,"abstract":true,"properties":[],"superClass":null,"superClasses":null,"customFields":null,"@fieldTypes":"overSize=f,properties=e"},{"@type":"d","@version":0,"name":"privilege","shortName":null,"description":null,"defaultClusterId":57,"clusterIds":[57,58,59,60,61,62,63,64],"clusterSelection":"round-robin","overSize":0.0,"strictMode":false,"abstract":false,"properties":[{"@type":"d","@version":0,"name":"id","type":7,"globalId":29,"mandatory":false,"readonly":false,"notNull":true,"defaultValue":null,"min":null,"max":null,"customFields":null,"collate":"default","description":null},{"@type":"d","@version":0,"name":"type","type":7,"globalId":18,"mandatory":false,"readonly":false,"notNull":true,"defaultValue":null,"min":null,"max":null,"customFields":null,"collate":"default","description":null},{"@type":"d","@version":0,"name":"name","type":7,"globalId":0,"mandatory":false,"readonly":false,"notNull":true,"defaultValue":null,"min":null,"max":null,"customFields":null,"collate":"default","description":null},{"@type":"d","@version":0,"name":"properties","type":12,"globalId":36,"mandatory":false,"readonly":false,"notNull":true,"defaultValue":null,"min":null,"max":null,"customFields":null,"collate":"default","description":null},{"@type":"d","@version":0,"name":"description","type":7,"globalId":33,"mandatory":false,"readonly":false,"notNull":false,"defaultValue":null,"min":null,"max":null,"customFields":null,"collate":"default","description":null}],"superClass":null,"superClasses":null,"customFields":null,"@fieldTypes":"overSize=f,properties=e"},{"@type":"d","@version":0,"name":"saml_user","shortName":null,"description":null,"defaultClusterId":75,"clusterIds":[75,76,77,78,79,80,81,82],"clusterSelection":"round-robin","overSize":0.0,"strictMode":false,"abstract":false,"properties":[{"@type":"d","@version":0,"name":"lastName","type":7,"globalId":31,"mandatory":false,"readonly":false,"notNull":false,"defaultValue":null,"min":null,"max":null,"customFields":null,"collate":"default","description":null},{"@type":"d","@version":0,"name":"id","type":7,"globalId":29,"mandatory":false,"readonly":false,"notNull":true,"defaultValue":null,"min":null,"max":null,"customFields":null,"collate":"default","description":null},{"@type":"d","@version":0,"name":"email","type":7,"globalId":32,"mandatory":false,"readonly":false,"notNull":false,"defaultValue":null,"min":null,"max":null,"customFields":null,"collate":"default","description":null},{"@type":"d","@version":0,"name":"status","type":7,"globalId":6,"mandatory":false,"readonly":false,"notNull":true,"defaultValue":null,"min":null,"max":null,"customFields":null,"collate":"default","description":null},{"@type":"d","@version":0,"name":"firstName","type":7,"globalId":30,"mandatory":false,"readonly":false,"notNull":false,"defaultValue":null,"min":null,"max":null,"customFields":null,"collate":"default","description":null},{"@type":"d","@version":0,"name":"roles","type":11,"globalId":35,"mandatory":false,"readonly":false,"notNull":true,"defaultValue":null,"min":null,"max":null,"customFields":null,"collate":"default","description":null}],"superClass":null,"superClasses":null,"customFields":null,"@fieldTypes":"overSize=f,properties=e"},{"@type":"d","@version":0,"name":"V","shortName":null,"description":null,"defaultClusterId":9,"clusterIds":[9,10,11,12,13,14,15,16],"clusterSelection":"round-robin","overSize":0.0,"strictMode":false,"abstract":false,"properties":[],"superClass":null,"superClasses":null,"customFields":null,"@fieldTypes":"overSize=f,properties=e"},{"@type":"d","@version":0,"name":"usertoken_record","shortName":null,"description":null,"defaultClusterId":25,"clusterIds":[25,26,27,28,29,30,31,32],"clusterSelection":"round-robin","overSize":0.0,"strictMode":false,"abstract":false,"properties":[{"@type":"d","@version":0,"name":"namecode","type":7,"globalId":24,"mandatory":false,"readonly":false,"notNull":false,"defaultValue":null,"min":null,"max":null,"customFields":null,"collate":"default","description":null},{"@type":"d","@version":0,"name":"username","type":7,"globalId":23,"mandatory":false,"readonly":false,"notNull":false,"defaultValue":null,"min":null,"max":null,"customFields":null,"collate":"default","description":null}],"superClass":null,"superClasses":null,"customFields":null,"@fieldTypes":"overSize=f,properties=e"},{"@type":"d","@version":0,"name":"ORole","shortName":null,"description":null,"defaultClusterId":4,"clusterIds":[4],"clusterSelection":"round-robin","overSize":0.0,"strictMode":false,"abstract":false,"properties":[{"@type":"d","@version":0,"name":"name","type":7,"globalId":0,"mandatory":true,"readonly":false,"notNull":true,"defaultValue":null,"min":null,"max":null,"customFields":null,"collate":"ci","description":null},{"@type":"d","@version":0,"name":"rules","type":12,"globalId":2,"mandatory":false,"readonly":false,"notNull":false,"defaultValue":null,"min":null,"max":null,"linkedType":17,"customFields":null,"collate":"default","description":null},{"@type":"d","@version":0,"name":"inheritedRole","type":13,"globalId":3,"mandatory":false,"readonly":false,"notNull":false,"defaultValue":null,"min":null,"max":null,"linkedClass":"ORole","customFields":null,"collate":"default","description":null},{"@type":"d","@version":0,"name":"mode","type":17,"globalId":1,"mandatory":false,"readonly":false,"notNull":false,"defaultValue":null,"min":null,"max":null,"customFields":null,"collate":"default","description":null}],"superClass":"OIdentity","superClasses":["OIdentity"],"customFields":null,"@fieldTypes":"overSize=f,properties=e"},{"@type":"d","@version":0,"name":"OTriggered","shortName":null,"description":null,"defaultClusterId":-1,"clusterIds":[-1],"clusterSelection":"round-robin","overSize":0.0,"strictMode":false,"abstract":true,"properties":[],"superClass":null,"superClasses":null,"customFields":null,"@fieldTypes":"overSize=f,properties=e"},{"@type":"d","@version":0,"name":"OUser","shortName":null,"description":null,"defaultClusterId":5,"clusterIds":[5],"clusterSelection":"round-robin","overSize":0.0,"strictMode":false,"abstract":false,"properties":[{"@type":"d","@version":0,"name":"roles","type":15,"globalId":5,"mandatory":false,"readonly":false,"notNull":false,"defaultValue":null,"min":null,"max":null,"linkedClass":"ORole","customFields":null,"collate":"default","description":null},{"@type":"d","@version":0,"name":"name","type":7,"globalId":0,"mandatory":true,"readonly":false,"notNull":true,"defaultValue":null,"min":"1","max":null,"customFields":null,"collate":"ci","description":null,"regexp":"\\S+(.*\\S+)*"},{"@type":"d","@version":0,"name":"status","type":7,"globalId":6,"mandatory":true,"readonly":false,"notNull":true,"defaultValue":null,"min":null,"max":null,"customFields":null,"collate":"default","description":null},{"@type":"d","@version":0,"name":"password","type":7,"globalId":4,"mandatory":true,"readonly":false,"notNull":true,"defaultValue":null,"min":null,"max":null,"customFields":null,"collate":"default","description":null}],"superClass":"OIdentity","superClasses":["OIdentity"],"customFields":null,"@fieldTypes":"overSize=f,properties=e"},{"@type":"d","@version":0,"name":"OSequence","shortName":null,"description":null,"defaultClusterId":7,"clusterIds":[7],"clusterSelection":"round-robin","overSize":0.0,"strictMode":false,"abstract":false,"properties":[{"@type":"d","@version":0,"name":"type","type":7,"globalId":18,"mandatory":false,"readonly":false,"notNull":false,"defaultValue":null,"min":null,"max":null,"customFields":null,"collate":"default","description":null},{"@type":"d","@version":0,"name":"name","type":7,"globalId":0,"mandatory":false,"readonly":false,"notNull":false,"defaultValue":null,"min":null,"max":null,"customFields":null,"collate":"default","description":null},{"@type":"d","@version":0,"name":"start","type":3,"globalId":15,"mandatory":false,"readonly":false,"notNull":false,"defaultValue":null,"min":null,"max":null,"customFields":null,"collate":"default","description":null},{"@type":"d","@version":0,"name":"incr","type":1,"globalId":16,"mandatory":false,"readonly":false,"notNull":false,"defaultValue":null,"min":null,"max":null,"customFields":null,"collate":"default","description":null},{"@type":"d","@version":0,"name":"value","type":3,"globalId":17,"mandatory":false,"readonly":false,"notNull":false,"defaultValue":null,"min":null,"max":null,"customFields":null,"collate":"default","description":null}],"superClass":null,"superClasses":null,"customFields":null,"@fieldTypes":"overSize=f,properties=e"},{"@type":"d","@version":0,"name":"anonymous","shortName":null,"description":null,"defaultClusterId":73,"clusterIds":[73],"clusterSelection":"round-robin","overSize":0.0,"strictMode":false,"abstract":false,"properties":[{"@type":"d","@version":0,"name":"realm_name","type":7,"globalId":41,"mandatory":false,"readonly":false,"notNull":true,"defaultValue":null,"min":null,"max":null,"customFields":null,"collate":"default","description":null},{"@type":"d","@version":0,"name":"user_id","type":7,"globalId":40,"mandatory":false,"readonly":false,"notNull":true,"defaultValue":null,"min":null,"max":null,"customFields":null,"collate":"default","description":null},{"@type":"d","@version":0,"name":"enabled","type":0,"globalId":39,"mandatory":true,"readonly":false,"notNull":true,"defaultValue":null,"min":null,"max":null,"customFields":null,"collate":"default","description":null}],"superClass":null,"superClasses":null,"customFields":null,"@fieldTypes":"overSize=f,properties=e"},{"@type":"d","@version":0,"name":"realm","shortName":null,"description":null,"defaultClusterId":74,"clusterIds":[74],"clusterSelection":"round-robin","overSize":0.0,"strictMode":false,"abstract":false,"properties":[{"@type":"d","@version":0,"name":"realm_names","type":10,"globalId":42,"mandatory":false,"readonly":false,"notNull":false,"defaultValue":null,"min":null,"max":null,"customFields":null,"collate":"default","description":null}],"superClass":null,"superClasses":null,"customFields":null,"@fieldTypes":"overSize=f,properties=e"},{"@type":"d","@version":0,"name":"E","shortName":null,"description":null,"defaultClusterId":17,"clusterIds":[17,18,19,20,21,22,23,24],"clusterSelection":"round-robin","overSize":0.0,"strictMode":false,"abstract":false,"properties":[],"superClass":null,"superClasses":null,"customFields":null,"@fieldTypes":"overSize=f,properties=e"},{"@type":"d","@version":0,"name":"user_role_mapping","shortName":null,"description":null,"defaultClusterId":65,"clusterIds":[65,66,67,68,69,70,71,72],"clusterSelection":"round-robin","overSize":0.0,"strictMode":false,"abstract":false,"properties":[{"@type":"d","@version":0,"name":"source","type":7,"globalId":38,"mandatory":false,"readonly":false,"notNull":true,"defaultValue":null,"min":null,"max":null,"customFields":null,"collate":"default","description":null},{"@type":"d","@version":0,"name":"userId","type":7,"globalId":37,"mandatory":false,"readonly":false,"notNull":true,"defaultValue":null,"min":null,"max":null,"customFields":null,"collate":"default","description":null},{"@type":"d","@version":0,"name":"roles","type":11,"globalId":35,"mandatory":false,"readonly":false,"notNull":false,"defaultValue":null,"min":null,"max":null,"customFields":null,"collate":"default","description":null}],"superClass":null,"superClasses":null,"customFields":null,"@fieldTypes":"overSize=f,properties=e"},{"@type":"d","@version":0,"name":"api_key","shortName":null,"description":null,"defaultClusterId":33,"clusterIds":[33,34,35,36,37,38,39,40],"clusterSelection":"round-robin","overSize":0.0,"strictMode":false,"abstract":false,"properties":[{"@type":"d","@version":0,"name":"domain","type":7,"globalId":26,"mandatory":true,"readonly":false,"notNull":true,"defaultValue":null,"min":null,"max":null,"customFields":null,"collate":"default","description":null},{"@type":"d","@version":0,"name":"api_key","type":7,"globalId":25,"mandatory":true,"readonly":false,"notNull":true,"defaultValue":null,"min":null,"max":null,"customFields":null,"collate":"default","description":null},{"@type":"d","@version":0,"name":"principals","type":8,"globalId":28,"mandatory":true,"readonly":false,"notNull":true,"defaultValue":null,"min":null,"max":null,"customFields":null,"collate":"default","description":null},{"@type":"d","@version":0,"name":"primary_principal","type":7,"globalId":27,"mandatory":true,"readonly":false,"notNull":true,"defaultValue":null,"min":null,"max":null,"customFields":null,"collate":"default","description":null}],"superClass":null,"superClasses":null,"customFields":null,"@fieldTypes":"overSize=f,properties=e"},{"@type":"d","@version":0,"name":"ORestricted","shortName":null,"description":null,"defaultClusterId":-1,"clusterIds":[-1],"clusterSelection":"round-robin","overSize":0.0,"strictMode":false,"abstract":true,"properties":[{"@type":"d","@version":0,"name":"_allowDelete","type":15,"globalId":10,"mandatory":false,"readonly":false,"notNull":false,"defaultValue":null,"min":null,"max":null,"linkedClass":"OIdentity","customFields":null,"collate":"default","description":null},{"@type":"d","@version":0,"name":"_allow","type":15,"globalId":7,"mandatory":false,"readonly":false,"notNull":false,"defaultValue":null,"min":null,"max":null,"linkedClass":"OIdentity","customFields":null,"collate":"default","description":null},{"@type":"d","@version":0,"name":"_allowRead","type":15,"globalId":8,"mandatory":false,"readonly":false,"notNull":false,"defaultValue":null,"min":null,"max":null,"linkedClass":"OIdentity","customFields":null,"collate":"default","description":null},{"@type":"d","@version":0,"name":"_allowUpdate","type":15,"globalId":9,"mandatory":false,"readonly":false,"notNull":false,"defaultValue":null,"min":null,"max":null,"linkedClass":"OIdentity","customFields":null,"collate":"default","description":null}],"superClass":null,"superClasses":null,"customFields":null,"@fieldTypes":"overSize=f,properties=e"},{"@type":"d","@version":0,"name":"user","shortName":null,"description":null,"defaultClusterId":41,"clusterIds":[41,42,43,44,45,46,47,48],"clusterSelection":"round-robin","overSize":0.0,"strictMode":false,"abstract":false,"properties":[{"@type":"d","@version":0,"name":"email","type":7,"globalId":32,"mandatory":false,"readonly":false,"notNull":true,"defaultValue":null,"min":null,"max":null,"customFields":null,"collate":"default","description":null},{"@type":"d","@version":0,"name":"firstName","type":7,"globalId":30,"mandatory":false,"readonly":false,"notNull":false,"defaultValue":null,"min":null,"max":null,"customFields":null,"collate":"default","description":null},{"@type":"d","@version":0,"name":"password","type":7,"globalId":4,"mandatory":false,"readonly":false,"notNull":true,"defaultValue":null,"min":null,"max":null,"customFields":null,"collate":"default","description":null},{"@type":"d","@version":0,"name":"lastName","type":7,"globalId":31,"mandatory":false,"readonly":false,"notNull":false,"defaultValue":null,"min":null,"max":null,"customFields":null,"collate":"default","description":null},{"@type":"d","@version":0,"name":"id","type":7,"globalId":29,"mandatory":false,"readonly":false,"notNull":true,"defaultValue":null,"min":null,"max":null,"customFields":null,"collate":"default","description":null},{"@type":"d","@version":0,"name":"status","type":7,"globalId":6,"mandatory":false,"readonly":false,"notNull":true,"defaultValue":null,"min":null,"max":null,"customFields":null,"collate":"default","description":null}],"superClass":null,"superClasses":null,"customFields":null,"@fieldTypes":"overSize=f,properties=e"},{"@type":"d","@version":0,"name":"OFunction","shortName":null,"description":null,"defaultClusterId":6,"clusterIds":[6],"clusterSelection":"round-robin","overSize":0.0,"strictMode":false,"abstract":false,"properties":[{"@type":"d","@version":0,"name":"code","type":7,"globalId":11,"mandatory":false,"readonly":false,"notNull":false,"defaultValue":null,"min":null,"max":null,"customFields":null,"collate":"default","description":null},{"@type":"d","@version":0,"name":"name","type":7,"globalId":0,"mandatory":true,"readonly":false,"notNull":true,"defaultValue":null,"min":null,"max":null,"customFields":null,"collate":"default","description":null},{"@type":"d","@version":0,"name":"language","type":7,"globalId":12,"mandatory":false,"readonly":false,"notNull":false,"defaultValue":null,"min":null,"max":null,"customFields":null,"collate":"default","description":null},{"@type":"d","@version":0,"name":"idempotent","type":0,"globalId":13,"mandatory":false,"readonly":false,"notNull":false,"defaultValue":null,"min":null,"max":null,"customFields":null,"collate":"default","description":null},{"@type":"d","@version":0,"name":"parameters","type":10,"globalId":14,"mandatory":false,"readonly":false,"notNull":false,"defaultValue":null,"min":null,"max":null,"linkedType":7,"customFields":null,"collate":"default","description":null}],"superClass":null,"superClasses":null,"customFields":null,"@fieldTypes":"overSize=f,properties=e"},{"@type":"d","@version":0,"name":"OSchedule","shortName":null,"description":null,"defaultClusterId":8,"clusterIds":[8],"clusterSelection":"round-robin","overSize":0.0,"strictMode":false,"abstract":false,"properties":[{"@type":"d","@version":0,"name":"function","type":13,"globalId":21,"mandatory":true,"readonly":false,"notNull":true,"defaultValue":null,"min":null,"max":null,"linkedClass":"OFunction","customFields":null,"collate":"default","description":null},{"@type":"d","@version":0,"name":"name","type":7,"globalId":0,"mandatory":true,"readonly":false,"notNull":true,"defaultValue":null,"min":null,"max":null,"customFields":null,"collate":"default","description":null},{"@type":"d","@version":0,"name":"arguments","type":12,"globalId":20,"mandatory":false,"readonly":false,"notNull":false,"defaultValue":null,"min":null,"max":null,"customFields":null,"collate":"default","description":null},{"@type":"d","@version":0,"name":"rule","type":7,"globalId":19,"mandatory":true,"readonly":false,"notNull":true,"defaultValue":null,"min":null,"max":null,"customFields":null,"collate":"default","description":null},{"@type":"d","@version":0,"name":"status","type":7,"globalId":6,"mandatory":false,"readonly":false,"notNull":false,"defaultValue":null,"min":null,"max":null,"customFields":null,"collate":"default","description":null},{"@type":"d","@version":0,"name":"starttime","type":6,"globalId":22,"mandatory":false,"readonly":false,"notNull":false,"defaultValue":null,"min":null,"max":null,"customFields":null,"collate":"default","description":null}],"superClass":null,"superClasses":null,"customFields":null,"@fieldTypes":"overSize=f,properties=e"},{"@type":"d","@version":0,"name":"role","shortName":null,"description":null,"defaultClusterId":49,"clusterIds":[49,50,51,52,53,54,55,56],"clusterSelection":"round-robin","overSize":0.0,"strictMode":false,"abstract":false,"properties":[{"@type":"d","@version":0,"name":"roles","type":11,"globalId":35,"mandatory":false,"readonly":false,"notNull":false,"defaultValue":null,"min":null,"max":null,"customFields":null,"collate":"default","description":null},{"@type":"d","@version":0,"name":"privileges","type":11,"globalId":34,"mandatory":false,"readonly":false,"notNull":false,"defaultValue":null,"min":null,"max":null,"customFields":null,"collate":"default","description":null},{"@type":"d","@version":0,"name":"name","type":7,"globalId":0,"mandatory":false,"readonly":false,"notNull":true,"defaultValue":null,"min":null,"max":null,"customFields":null,"collate":"default","description":null},{"@type":"d","@version":0,"name":"description","type":7,"globalId":33,"mandatory":false,"readonly":false,"notNull":false,"defaultValue":null,"min":null,"max":null,"customFields":null,"collate":"default","description":null},{"@type":"d","@version":0,"name":"id","type":7,"globalId":29,"mandatory":false,"readonly":false,"notNull":true,"defaultValue":null,"min":null,"max":null,"customFields":null,"collate":"default","description":null}],"superClass":null,"superClasses":null,"customFields":null,"@fieldTypes":"overSize=f,properties=e"}],"blobClusters":[],"@fieldTypes":"classes=e,blobClusters=e"},{"@type":"d","@rid":"#0:2","@version":18,"indexes":[{"@type":"d","@version":0,"type":"UNIQUE","name":"api_key_domain_api_key_idx","indexVersion":1,"indexDefinition":{"@type":"d","@version":0,"className":"api_key","indexDefinitions":[{"@type":"d","@version":0,"className":"api_key","field":"domain","keyType":"STRING","collate":"default","nullValuesIgnored":true},{"@type":"d","@version":0,"className":"api_key","field":"api_key","keyType":"STRING","collate":"default","nullValuesIgnored":true}],"indClasses":["com.orientechnologies.orient.core.index.OPropertyIndexDefinition","com.orientechnologies.orient.core.index.OPropertyIndexDefinition"],"nullValuesIgnored":false},"indexDefinitionClass":"com.orientechnologies.orient.core.index.OCompositeIndexDefinition","clusters":["api_key_4","api_key_3","api_key_2","api_key_1","api_key","api_key_7","api_key_6","api_key_5"],"algorithm":"SBTREE","valueContainerAlgorithm":"NONE","@fieldTypes":"clusters=e"},{"@type":"d","@version":0,"type":"UNIQUE","name":"api_key_domain_primary_principal_principals_idx","indexVersion":1,"indexDefinition":{"@type":"d","@version":0,"className":"api_key","indexDefinitions":[{"@type":"d","@version":0,"className":"api_key","field":"domain","keyType":"STRING","collate":"default","nullValuesIgnored":true},{"@type":"d","@version":0,"className":"api_key","field":"primary_principal","keyType":"STRING","collate":"default","nullValuesIgnored":true},{"@type":"d","@version":0,"className":"api_key","field":"principals","keyType":"BINARY","collate":"default","nullValuesIgnored":true}],"indClasses":["com.orientechnologies.orient.core.index.OPropertyIndexDefinition","com.orientechnologies.orient.core.index.OPropertyIndexDefinition","com.orientechnologies.orient.core.index.OPropertyIndexDefinition"],"nullValuesIgnored":false},"indexDefinitionClass":"com.orientechnologies.orient.core.index.OCompositeIndexDefinition","clusters":["api_key_4","api_key_3","api_key_2","api_key_1","api_key","api_key_7","api_key_6","api_key_5"],"algorithm":"SBTREE","valueContainerAlgorithm":"NONE","@fieldTypes":"clusters=e"},{"@type":"d","@version":0,"type":"UNIQUE","name":"usertoken_record_namecode_idx","indexVersion":1,"indexDefinition":{"@type":"d","@version":0,"className":"usertoken_record","field":"namecode","keyType":"STRING","collate":"default","nullValuesIgnored":false},"indexDefinitionClass":"com.orientechnologies.orient.core.index.OPropertyIndexDefinition","clusters":["usertoken_record_4","usertoken_record_3","usertoken_record_2","usertoken_record_1","usertoken_record","usertoken_record_7","usertoken_record_6","usertoken_record_5"],"algorithm":"SBTREE","valueContainerAlgorithm":"NONE","@fieldTypes":"clusters=e"},{"@type":"d","@version":0,"type":"NOTUNIQUE","name":"usertoken_record_username_idx","indexVersion":1,"indexDefinition":{"@type":"d","@version":0,"className":"usertoken_record","field":"username","keyType":"STRING","collate":"default","nullValuesIgnored":false},"indexDefinitionClass":"com.orientechnologies.orient.core.index.OPropertyIndexDefinition","clusters":["usertoken_record_4","usertoken_record_3","usertoken_record_2","usertoken_record_1","usertoken_record","usertoken_record_7","usertoken_record_6","usertoken_record_5"],"algorithm":"SBTREE","valueContainerAlgorithm":"SBTREEBONSAISET","@fieldTypes":"clusters=e"},{"@type":"d","@version":0,"type":"UNIQUE","name":"OUser.name","indexVersion":1,"indexDefinition":{"@type":"d","@version":0,"className":"OUser","field":"name","keyType":"STRING","collate":"ci","nullValuesIgnored":false},"indexDefinitionClass":"com.orientechnologies.orient.core.index.OPropertyIndexDefinition","clusters":["ouser"],"algorithm":"SBTREE","valueContainerAlgorithm":"NONE","@fieldTypes":"clusters=e"},{"@type":"d","@version":0,"type":"DICTIONARY","name":"dictionary","indexVersion":1,"indexDefinition":{"@type":"d","@version":0,"keyTypes":["STRING"],"collate":"default","nullValuesIgnored":false},"indexDefinitionClass":"com.orientechnologies.orient.core.index.OSimpleKeyIndexDefinition","clusters":[],"algorithm":"SBTREE","valueContainerAlgorithm":"NONE","metadata":{"@type":"d","@version":0,"durableInNonTxMode":true,"trackMode":"FULL"},"@fieldTypes":"clusters=e"},{"@type":"d","@version":0,"type":"UNIQUE","name":"user_id_idx","indexVersion":1,"indexDefinition":{"@type":"d","@version":0,"className":"user","field":"id","keyType":"STRING","collate":"default","nullValuesIgnored":false},"indexDefinitionClass":"com.orientechnologies.orient.core.index.OPropertyIndexDefinition","clusters":["user_3","user_2","user_1","user_7","user_6","user_5","user_4","user"],"algorithm":"SBTREE","valueContainerAlgorithm":"NONE","@fieldTypes":"clusters=e"},{"@type":"d","@version":0,"type":"UNIQUE","name":"ORole.name","indexVersion":1,"indexDefinition":{"@type":"d","@version":0,"className":"ORole","field":"name","keyType":"STRING","collate":"ci","nullValuesIgnored":false},"indexDefinitionClass":"com.orientechnologies.orient.core.index.OPropertyIndexDefinition","clusters":["orole"],"algorithm":"SBTREE","valueContainerAlgorithm":"NONE","@fieldTypes":"clusters=e"},{"@type":"d","@version":0,"type":"UNIQUE","name":"privilege_id_idx","indexVersion":1,"indexDefinition":{"@type":"d","@version":0,"className":"privilege","field":"id","keyType":"STRING","collate":"default","nullValuesIgnored":false},"indexDefinitionClass":"com.orientechnologies.orient.core.index.OPropertyIndexDefinition","clusters":["privilege_6","privilege_7","privilege","privilege_1","privilege_2","privilege_3","privilege_4","privilege_5"],"algorithm":"SBTREE","valueContainerAlgorithm":"NONE","@fieldTypes":"clusters=e"},{"@type":"d","@version":0,"type":"UNIQUE","name":"saml_user_id_idx","indexVersion":1,"indexDefinition":{"@type":"d","@version":0,"className":"saml_user","field":"id","keyType":"STRING","collate":"default","nullValuesIgnored":false},"indexDefinitionClass":"com.orientechnologies.orient.core.index.OPropertyIndexDefinition","clusters":["saml_user_1","saml_user_7","saml_user","saml_user_6","saml_user_3","saml_user_2","saml_user_5","saml_user_4"],"algorithm":"SBTREE","valueContainerAlgorithm":"NONE","@fieldTypes":"clusters=e"},{"@type":"d","@version":0,"type":"UNIQUE","name":"user_role_mapping_userid_source_idx","indexVersion":1,"indexDefinition":{"@type":"d","@version":0,"className":"user_role_mapping","indexDefinitions":[{"@type":"d","@version":0,"className":"user_role_mapping","field":"userId","keyType":"STRING","collate":"default","nullValuesIgnored":true},{"@type":"d","@version":0,"className":"user_role_mapping","field":"source","keyType":"STRING","collate":"default","nullValuesIgnored":true}],"indClasses":["com.orientechnologies.orient.core.index.OPropertyIndexDefinition","com.orientechnologies.orient.core.index.OPropertyIndexDefinition"],"nullValuesIgnored":false},"indexDefinitionClass":"com.orientechnologies.orient.core.index.OCompositeIndexDefinition","clusters":["user_role_mapping","user_role_mapping_7","user_role_mapping_6","user_role_mapping_5","user_role_mapping_4","user_role_mapping_3","user_role_mapping_2","user_role_mapping_1"],"algorithm":"SBTREE","valueContainerAlgorithm":"NONE","@fieldTypes":"clusters=e"},{"@type":"d","@version":0,"type":"UNIQUE_HASH_INDEX","name":"OFunction.name","indexVersion":2,"indexDefinition":{"@type":"d","@version":0,"className":"OFunction","field":"name","keyType":"STRING","collate":"default","nullValuesIgnored":false},"indexDefinitionClass":"com.orientechnologies.orient.core.index.OPropertyIndexDefinition","clusters":["ofunction"],"algorithm":"HASH_INDEX","valueContainerAlgorithm":"NONE","@fieldTypes":"clusters=e"},{"@type":"d","@version":0,"type":"UNIQUE","name":"role_id_idx","indexVersion":1,"indexDefinition":{"@type":"d","@version":0,"className":"role","field":"id","keyType":"STRING","collate":"default","nullValuesIgnored":false},"indexDefinitionClass":"com.orientechnologies.orient.core.index.OPropertyIndexDefinition","clusters":["role","role_7","role_6","role_5","role_4","role_3","role_2","role_1"],"algorithm":"SBTREE","valueContainerAlgorithm":"NONE","@fieldTypes":"clusters=e"}],"@fieldTypes":"indexes=e"},{"@type":"d","@rid":"#4:0","@version":2,"@class":"ORole","name":"admin","inheritedRole":null,"mode":1,"rules":{"database.bypassRestricted":31},"@fieldTypes":"mode=b"},{"@type":"d","@rid":"#4:1","@version":2,"@class":"ORole","name":"reader","inheritedRole":null,"mode":0,"rules":{"database.cluster.internal":2,"database.cluster.orole":0,"database":2,"database.function":2,"database.schema":2,"database.class.ouser":0,"database.systemclusters":0,"database.cluster.ouser":0,"database.cluster":2,"database.command":2,"database.class":2,"database.hook.record":2},"@fieldTypes":"mode=b"},{"@type":"d","@rid":"#4:2","@version":2,"@class":"ORole","name":"writer","inheritedRole":null,"mode":0,"rules":{"database.cluster.internal":2,"database.class.oschedule":2,"database.class.osequence":2,"database.class.ouser":0,"database.systemclusters":0,"database.hook.record":31,"database":2,"database.function":2,"database.schema":2,"database.class.otriggered":2,"database.cluster":31,"database.command":31,"database.class":31},"@fieldTypes":"mode=b"},{"@type":"d","@rid":"#5:0","@version":1,"@class":"OUser","name":"admin","password":"**REDACTED**","status":"ACTIVE","roles":["#4:0"],"@fieldTypes":"roles=n"},{"@type":"d","@rid":"#5:1","@version":1,"@class":"OUser","name":"reader","password":"**REDACTED**","status":"ACTIVE","roles":["#4:1"],"@fieldTypes":"roles=n"},{"@type":"d","@rid":"#5:2","@version":1,"@class":"OUser","name":"writer","password":"**REDACTED**","status":"ACTIVE","roles":["#4:2"],"@fieldTypes":"roles=n"},{"@type":"d","@rid":"#41:0","@version":6,"@class":"user","id":"admin","firstName":"Administrator","lastName":"User","status":"active","email":"admin@example.org","password":"**REDACTED**"},{"@type":"d","@rid":"#41:3","@version":1,"@class":"user","id":"nexus-puller-pusher","firstName":"nexus","lastName":"puller pusher","status":"active","email":"nexus-puller-pusher@example.com","password":"**REDACTED**"},{"@type":"d","@rid":"#41:5","@version":1,"@class":"user","id":"nexus-yum","firstName":"nexus","lastName":"yum","status":"active","email":"nexus-yum@example.com","password":"**REDACTED**"},{"@type":"d","@rid":"#41:6","@version":2,"@class":"user","id":"cml.user","firstName":"cml","lastName":"user","status":"active","email":"cml.user@ocbcnisp.com","password":"**REDACTED**"},{"@type":"d","@rid":"#42:0","@version":4,"@class":"user","id":"anonymous","firstName":"Anonymous","lastName":"User","status":"disabled","email":"anonymous@example.org","password":"**REDACTED**"},{"@type":"d","@rid":"#43:1","@version":1,"@class":"user","id":"nexus-repo-admin","firstName":"nexus repo","lastName":"admin","status":"active","email":"nexus-repo-admin@example.com","password":"**REDACTED**"},{"@type":"d","@rid":"#45:0","@version":1,"@class":"user","id":"nexus-puller","firstName":"nexus","lastName":"puller","status":"active","email":"nexus-puller@example.com","password":"**REDACTED**"},{"@type":"d","@rid":"#46:0","@version":3,"@class":"user","id":"nexus-pusher","firstName":"nexus","lastName":"pusher","status":"active","email":"nexus-pusher@example.com","password":"**REDACTED**"},{"@type":"d","@rid":"#49:1","@version":5,"@class":"role","id":"nexus-repo-admin","name":"nexus-repo-admin","description":"Administrator for Repository","privileges":["nx-repository-admin-*-*-read","nx-blobstores-create","nx-repository-admin-*-*-browse","nx-blobstores-read","nx-repository-admin-*-*-add"],"roles":[],"@fieldTypes":"privileges=e,roles=e"},{"@type":"d","@rid":"#49:3","@version":3,"@class":"role","id":"dso002","name":"dso002","description":"OpenAPI","privileges":[],"roles":["nexus-pusher"],"@fieldTypes":"privileges=e,roles=e"},{"@type":"d","@rid":"#49:4","@version":2,"@class":"role","id":"dso004","name":"dso004","description":"Unsecure Loan","privileges":[],"roles":["nexus-pusher"],"@fieldTypes":"privileges=e,roles=e"},{"@type":"d","@rid":"#49:5","@version":2,"@class":"role","id":"dso009","name":"dso009","description":"PD Model","privileges":[],"roles":["nexus-pusher"],"@fieldTypes":"privileges=e,roles=e"},{"@type":"d","@rid":"#49:6","@version":3,"@class":"role","id":"dso010","name":"dso010","description":"RM Mobile","privileges":[],"roles":["nexus-pusher"],"@fieldTypes":"privileges=e,roles=e"},{"@type":"d","@rid":"#49:8","@version":1,"@class":"role","id":"dso026","name":"dso026","description":"Development Account Management","privileges":[],"roles":["nexus-pusher"],"@fieldTypes":"privileges=e,roles=e"},{"@type":"d","@rid":"#49:9","@version":1,"@class":"role","id":"F395","name":"F395","description":"BYS team","privileges":[],"roles":["nexus-pusher"],"@fieldTypes":"privileges=e,roles=e"},{"@type":"d","@rid":"#49:10","@version":1,"@class":"role","id":"dso022","name":"dso022","description":"csp project","privileges":[],"roles":["nexus-pusher"],"@fieldTypes":"privileges=e,roles=e"},{"@type":"d","@rid":"#49:11","@version":2,"@class":"role","id":"dso037","name":"dso037","description":"Call Center Team","privileges":[],"roles":["nexus-pusher"],"@fieldTypes":"privileges=e,roles=e"},{"@type":"d","@rid":"#49:12","@version":1,"@class":"role","id":"dso042","name":"dso042","description":"overbooking team","privileges":[],"roles":["nexus-pusher"],"@fieldTypes":"privileges=e,roles=e"},{"@type":"d","@rid":"#49:13","@version":1,"@class":"role","id":"dso045","name":"dso045","description":"LLDRTE Team","privileges":[],"roles":["nexus-pusher"],"@fieldTypes":"privileges=e,roles=e"},{"@type":"d","@rid":"#49:14","@version":1,"@class":"role","id":"dso058","name":"dso058","description":"anak anak BAIT","privileges":[],"roles":["nexus-pusher"],"@fieldTypes":"privileges=e,roles=e"},{"@type":"d","@rid":"#49:15","@version":1,"@class":"role","id":"dso059","name":"dso059","description":"","privileges":[],"roles":["nexus-pusher"],"@fieldTypes":"privileges=e,roles=e"},{"@type":"d","@rid":"#49:16","@version":1,"@class":"role","id":"dso061","name":"dso061","description":"Big Data Team","privileges":[],"roles":["nexus-pusher"],"@fieldTypes":"privileges=e,roles=e"},{"@type":"d","@rid":"#49:17","@version":1,"@class":"role","id":"dso068","name":"dso068","description":"scheduler-journal-ede","privileges":[],"roles":["nexus-pusher"],"@fieldTypes":"privileges=e,roles=e"},{"@type":"d","@rid":"#49:18","@version":2,"@class":"role","id":"dso078","name":"dso078","description":"airflow-bankwide","privileges":[],"roles":["nexus-pusher"],"@fieldTypes":"privileges=e,roles=e"},{"@type":"d","@rid":"#49:19","@version":2,"@class":"role","id":"dso073","name":"dso073","description":"trancode, contentgenerator ","privileges":[],"roles":["nexus-pusher"],"@fieldTypes":"privileges=e,roles=e"},{"@type":"d","@rid":"#49:20","@version":1,"@class":"role","id":"dso081","name":"dso081","description":"telerecording","privileges":[],"roles":["nexus-pusher"],"@fieldTypes":"privileges=e,roles=e"},{"@type":"d","@rid":"#49:21","@version":1,"@class":"role","id":"EIT-STAWG","name":"EIT-STAWG","description":"Role access for IT STA","privileges":[],"roles":["nexus-pusher"],"@fieldTypes":"privileges=e,roles=e"},{"@type":"d","@rid":"#49:22","@version":1,"@class":"role","id":"dso087","name":"dso087","description":"dso087 onlabs","privileges":[],"roles":["nexus-pusher"],"@fieldTypes":"privileges=e,roles=e"},{"@type":"d","@rid":"#49:23","@version":2,"@class":"role","id":"dso090","name":"ToolsInfra","description":"ToolsInfra","privileges":[],"roles":["nexus-pusher"],"@fieldTypes":"privileges=e,roles=e"},{"@type":"d","@rid":"#50:5","@version":27,"@class":"role","id":"nexus-pusher","name":"nexus-pusher","description":"Account For Push Only","privileges":["nx-repository-view-*-*-edit","nx-repository-view-*-*-read","nx-component-upload","nx-usertoken-users","nx-repository-view-*-*-add","nx-repository-view-*-*-browse","nx-repository-view-*-*-delete","nx-usertoken-current","nx-usertoken-user"],"roles":[],"@fieldTypes":"privileges=e,roles=e"},{"@type":"d","@rid":"#50:6","@version":2,"@class":"role","id":"dso006","name":"dso006","description":"One Mobile iBank","privileges":[],"roles":["nexus-pusher"],"@fieldTypes":"privileges=e,roles=e"},{"@type":"d","@rid":"#50:7","@version":2,"@class":"role","id":"dso012","name":"dso012","description":"Account","privileges":[],"roles":["nexus-pusher"],"@fieldTypes":"privileges=e,roles=e"},{"@type":"d","@rid":"#50:8","@version":1,"@class":"role","id":"dso018","name":"dso018","description":"Loan Team","privileges":[],"roles":["nexus-pusher"],"@fieldTypes":"privileges=e,roles=e"},{"@type":"d","@rid":"#50:9","@version":1,"@class":"role","id":"dso027","name":"dso027","description":"Syariah Tabungan Emas Team","privileges":[],"roles":["nexus-pusher"],"@fieldTypes":"privileges=e,roles=e"},{"@type":"d","@rid":"#50:10","@version":1,"@class":"role","id":"dso031","name":"dso031","description":"e-kyc Team","privileges":[],"roles":["nexus-pusher"],"@fieldTypes":"privileges=e,roles=e"},{"@type":"d","@rid":"#50:11","@version":1,"@class":"role","id":"dso038","name":"dso038","description":"Loyalty Team","privileges":[],"roles":["nexus-pusher"],"@fieldTypes":"privileges=e,roles=e"},{"@type":"d","@rid":"#50:12","@version":2,"@class":"role","id":"dso041","name":"dso041","description":"LOSSpeed-Team","privileges":[],"roles":["nexus-pusher"],"@fieldTypes":"privileges=e,roles=e"},{"@type":"d","@rid":"#50:13","@version":1,"@class":"role","id":"dso046","name":"dso046","description":"central payment team","privileges":[],"roles":["nexus-pusher"],"@fieldTypes":"privileges=e,roles=e"},{"@type":"d","@rid":"#50:14","@version":1,"@class":"role","id":"dso062","name":"dso062","description":"Cash Management Team","privileges":[],"roles":["nexus-pusher"],"@fieldTypes":"privileges=e,roles=e"},{"@type":"d","@rid":"#50:15","@version":1,"@class":"role","id":"dso069","name":"dso069","description":"beyondbanking-api","privileges":[],"roles":["nexus-pusher"],"@fieldTypes":"privileges=e,roles=e"},{"@type":"d","@rid":"#50:16","@version":1,"@class":"role","id":"dso053","name":"dso053","description":" One-Notification","privileges":[],"roles":["nexus-pusher"],"@fieldTypes":"privileges=e,roles=e"},{"@type":"d","@rid":"#50:17","@version":1,"@class":"role","id":"dso082","name":"dso082","description":"Caplan","privileges":[],"roles":["nexus-pusher"],"@fieldTypes":"privileges=e,roles=e"},{"@type":"d","@rid":"#50:18","@version":2,"@class":"role","id":"dso091","name":"dso091","description":"proparam, onebot","privileges":[],"roles":["nexus-pusher"],"@fieldTypes":"privileges=e,roles=e"},{"@type":"d","@rid":"#51:0","@version":11,"@class":"role","id":"nexus-puller","name":"nexus-puller","description":"Account For Download Only","privileges":["nx-repository-view-*-*-read","nx-usertoken-users","nx-repository-view-*-*-browse","nx-usertoken-current","nx-usertoken-user"],"roles":[],"@fieldTypes":"privileges=e,roles=e"},{"@type":"d","@rid":"#51:2","@version":3,"@class":"role","id":"dso000","name":"nexus-admin","description":"Nexus Admin Group AD dso000","privileges":[],"roles":["nx-admin"],"@fieldTypes":"privileges=e,roles=e"},{"@type":"d","@rid":"#51:3","@version":2,"@class":"role","id":"dso008","name":"dso008","description":"Pro Obligasi","privileges":[],"roles":["nexus-pusher"],"@fieldTypes":"privileges=e,roles=e"},{"@type":"d","@rid":"#51:4","@version":1,"@class":"role","id":"dso011","name":"dso011","description":"Automation Role","privileges":[],"roles":["nexus-pusher"],"@fieldTypes":"privileges=e,roles=e"},{"@type":"d","@rid":"#51:5","@version":1,"@class":"role","id":"dso019","name":"dso019","description":"OTB-Team","privileges":[],"roles":["nexus-pusher"],"@fieldTypes":"privileges=e,roles=e"},{"@type":"d","@rid":"#51:6","@version":1,"@class":"role","id":"dso028","name":"dso028","description":"AMS Team","privileges":[],"roles":["nexus-pusher"],"@fieldTypes":"privileges=e,roles=e"},{"@type":"d","@rid":"#51:7","@version":1,"@class":"role","id":"dso032","name":"dso032","description":"Custodian Team","privileges":[],"roles":["nexus-pusher"],"@fieldTypes":"privileges=e,roles=e"},{"@type":"d","@rid":"#51:8","@version":1,"@class":"role","id":"dso039","name":"dso039","description":"Decision Engine Team","privileges":[],"roles":["nexus-pusher"],"@fieldTypes":"privileges=e,roles=e"},{"@type":"d","@rid":"#51:9","@version":1,"@class":"role","id":"nexus-yum","name":"nexus-yum","description":"","privileges":["nx-repository-view-yum-*-browse","nx-repository-view-yum-*-read"],"roles":[],"@fieldTypes":"privileges=e,roles=e"},{"@type":"d","@rid":"#51:10","@version":1,"@class":"role","id":"dso047","name":"dso047","description":"remittance team","privileges":[],"roles":["nexus-pusher"],"@fieldTypes":"privileges=e,roles=e"},{"@type":"d","@rid":"#51:12","@version":1,"@class":"role","id":"dso056","name":"dso056","description":"one-store","privileges":[],"roles":["nexus-pusher"],"@fieldTypes":"privileges=e,roles=e"},{"@type":"d","@rid":"#51:13","@version":1,"@class":"role","id":"dso079","name":"dso079","description":"DHN","privileges":[],"roles":["nexus-pusher"],"@fieldTypes":"privileges=e,roles=e"},{"@type":"d","@rid":"#51:14","@version":2,"@class":"role","id":"dso083","name":"dso083","description":"onboarding","privileges":[],"roles":["nexus-pusher"],"@fieldTypes":"privileges=e,roles=e"},{"@type":"d","@rid":"#51:15","@version":2,"@class":"role","id":"dso036","name":"dso036","description":"loyalty","privileges":[],"roles":["nexus-pusher"],"@fieldTypes":"privileges=e,roles=e"},{"@type":"d","@rid":"#52:1","@version":6,"@class":"role","id":"dso001","name":"dso001","description":"Velomobile","privileges":[],"roles":["nexus-pusher"],"@fieldTypes":"privileges=e,roles=e"},{"@type":"d","@rid":"#52:2","@version":2,"@class":"role","id":"dso013","name":"dso013","description":"Installment Credit Card","privileges":[],"roles":["nexus-pusher"],"@fieldTypes":"privileges=e,roles=e"},{"@type":"d","@rid":"#52:3","@version":2,"@class":"role","id":"dso020","name":"dso020","description":"OneFace-Team","privileges":[],"roles":["nexus-pusher"],"@fieldTypes":"privileges=e,roles=e"},{"@type":"d","@rid":"#52:4","@version":1,"@class":"role","id":"dso029","name":"dso029","description":"One Share Team","privileges":[],"roles":["nexus-pusher"],"@fieldTypes":"privileges=e,roles=e"},{"@type":"d","@rid":"#52:5","@version":1,"@class":"role","id":"dso033","name":"dso033","description":"Banktrade Team","privileges":[],"roles":["nexus-pusher"],"@fieldTypes":"privileges=e,roles=e"},{"@type":"d","@rid":"#52:6","@version":1,"@class":"role","id":"dso040","name":"dso040","description":"salesforce team","privileges":[],"roles":["nexus-pusher"],"@fieldTypes":"privileges=e,roles=e"},{"@type":"d","@rid":"#52:7","@version":1,"@class":"role","id":"dso049","name":"dso049","description":"NLE Team","privileges":[],"roles":["nexus-pusher"],"@fieldTypes":"privileges=e,roles=e"},{"@type":"d","@rid":"#52:8","@version":1,"@class":"role","id":"dso057","name":"dso057","description":"OneDNA","privileges":[],"roles":["nexus-pusher"],"@fieldTypes":"privileges=e,roles=e"},{"@type":"d","@rid":"#52:9","@version":3,"@class":"role","id":"dso071","name":"dso071","description":"sap","privileges":[],"roles":["nexus-pusher"],"@fieldTypes":"privileges=e,roles=e"},{"@type":"d","@rid":"#52:10","@version":1,"@class":"role","id":"dso080","name":"dso080","description":"itps","privileges":[],"roles":["nexus-pusher"],"@fieldTypes":"privileges=e,roles=e"},{"@type":"d","@rid":"#52:11","@version":1,"@class":"role","id":"dso084","name":"dso084","description":"inance-fe","privileges":[],"roles":["nexus-pusher"],"@fieldTypes":"privileges=e,roles=e"},{"@type":"d","@rid":"#52:12","@version":1,"@class":"role","id":"dso094","name":"dso094","description":"Intranet","privileges":[],"roles":["nexus-pusher"],"@fieldTypes":"privileges=e,roles=e"},{"@type":"d","@rid":"#53:0","@version":2,"@class":"role","id":"dso014","name":"dso014","description":"Microservice M4","privileges":[],"roles":["nexus-pusher"],"@fieldTypes":"privileges=e,roles=e"},{"@type":"d","@rid":"#53:1","@version":1,"@class":"role","id":"dso021","name":"dso021","description":"Wealth Team","privileges":[],"roles":["nexus-pusher"],"@fieldTypes":"privileges=e,roles=e"},{"@type":"d","@rid":"#53:2","@version":2,"@class":"role","id":"dso030","name":"dso030","description":"Banca Team","privileges":[],"roles":["nexus-pusher"],"@fieldTypes":"privileges=e,roles=e"},{"@type":"d","@rid":"#53:3","@version":1,"@class":"role","id":"dso034","name":"dso034","description":"wob-onedna","privileges":[],"roles":["nexus-pusher"],"@fieldTypes":"privileges=e,roles=e"},{"@type":"d","@rid":"#53:4","@version":1,"@class":"role","id":"dso051","name":"dso051","description":"imr group","privileges":[],"roles":["nexus-pusher"],"@fieldTypes":"privileges=e,roles=e"},{"@type":"d","@rid":"#53:5","@version":2,"@class":"role","id":"dso064","name":"dso064","description":"ndv6","privileges":[],"roles":["nexus-pusher"],"@fieldTypes":"privileges=e,roles=e"},{"@type":"d","@rid":"#53:6","@version":1,"@class":"role","id":"dso072","name":"dso072","description":"onguide-cms","privileges":[],"roles":["nexus-pusher"],"@fieldTypes":"privileges=e,roles=e"},{"@type":"d","@rid":"#54:0","@version":3,"@class":"role","id":"dso015","name":"dso015","description":"Microservice M3","privileges":[],"roles":["nexus-pusher"],"@fieldTypes":"privileges=e,roles=e"},{"@type":"d","@rid":"#54:1","@version":2,"@class":"role","id":"dso023","name":"dso023","description":"Compliance Team","privileges":[],"roles":["nexus-pusher"],"@fieldTypes":"privileges=e,roles=e"},{"@type":"d","@rid":"#54:2","@version":1,"@class":"role","id":"dso035","name":"dso035","description":"OneShare Team","privileges":[],"roles":["nexus-pusher"],"@fieldTypes":"privileges=e,roles=e"},{"@type":"d","@rid":"#54:3","@version":1,"@class":"role","id":"dso055","name":"dso055","description":"rmmobile","privileges":[],"roles":["nexus-pusher"],"@fieldTypes":"privileges=e,roles=e"},{"@type":"d","@rid":"#54:4","@version":1,"@class":"role","id":"dso065","name":"websocket_service_livechat (Call Center)","description":"","privileges":[],"roles":["nexus-pusher"],"@fieldTypes":"privileges=e,roles=e"},{"@type":"d","@rid":"#55:0","@version":2,"@class":"role","id":"dso005","name":"dso005","description":"Video KYC","privileges":[],"roles":["nexus-pusher"],"@fieldTypes":"privileges=e,roles=e"},{"@type":"d","@rid":"#55:1","@version":1,"@class":"role","id":"dso016","name":"dso016","description":"M2","privileges":[],"roles":["nexus-pusher"],"@fieldTypes":"privileges=e,roles=e"},{"@type":"d","@rid":"#55:2","@version":1,"@class":"role","id":"dso024","name":"dso024","description":"CDC Streaming Team","privileges":[],"roles":["nexus-pusher"],"@fieldTypes":"privileges=e,roles=e"},{"@type":"d","@rid":"#55:3","@version":1,"@class":"role","id":"dso066","name":"beyondbanking-web","description":"","privileges":[],"roles":["nexus-pusher"],"@fieldTypes":"privileges=e,roles=e"},{"@type":"d","@rid":"#56:0","@version":3,"@class":"role","id":"dso003","name":"dso003","description":"ProCIF","privileges":[],"roles":["nexus-pusher"],"@fieldTypes":"privileges=e,roles=e"},{"@type":"d","@rid":"#56:1","@version":3,"@class":"role","id":"dso007","name":"dso007","description":"DigitalApi Function","privileges":[],"roles":["nexus-pusher"],"@fieldTypes":"privileges=e,roles=e"},{"@type":"d","@rid":"#56:2","@version":1,"@class":"role","id":"dso017","name":"dso017","description":"branch-transaction","privileges":[],"roles":["nexus-pusher"],"@fieldTypes":"privileges=e,roles=e"},{"@type":"d","@rid":"#56:3","@version":1,"@class":"role","id":"dso025","name":"dso025","description":"Gift Inventory Team","privileges":[],"roles":["nexus-pusher"],"@fieldTypes":"privileges=e,roles=e"},{"@type":"d","@rid":"#56:4","@version":1,"@class":"role","id":"dso067","name":"dso067","description":"fraud-detection-system","privileges":[],"roles":["nexus-pusher"],"@fieldTypes":"privileges=e,roles=e"},{"@type":"d","@rid":"#65:0","@version":3,"@class":"user_role_mapping","userId":"admin","source":"default","roles":["nx-admin"],"@fieldTypes":"roles=e"},{"@type":"d","@rid":"#65:5","@version":2,"@class":"user_role_mapping","userId":"aji.putra","source":"LDAP","roles":["nexus-repo-admin","nexus-puller"],"@fieldTypes":"roles=e"},{"@type":"d","@rid":"#65:7","@version":2,"@class":"user_role_mapping","userId":"nazar.diat","source":"LDAP","roles":["nexus-repo-admin","nexus-puller"],"@fieldTypes":"roles=e"},{"@type":"d","@rid":"#65:10","@version":1,"@class":"user_role_mapping","userId":"ari.hartoyo","source":"LDAP","roles":["F395"],"@fieldTypes":"roles=e"},{"@type":"d","@rid":"#65:12","@version":1,"@class":"user_role_mapping","userId":"nexus-yum","source":"default","roles":["nexus-yum"],"@fieldTypes":"roles=e"},{"@type":"d","@rid":"#65:13","@version":1,"@class":"user_role_mapping","userId":"cml.user","source":"default","roles":["nexus-pusher"],"@fieldTypes":"roles=e"},{"@type":"d","@rid":"#66:0","@version":4,"@class":"user_role_mapping","userId":"anonymous","source":"default","roles":["nx-anonymous"],"@fieldTypes":"roles=e"},{"@type":"d","@rid":"#66:2","@version":2,"@class":"user_role_mapping","userId":"Suryo.raharjo","source":"LDAP","roles":["nexus-repo-admin","nexus-puller"],"@fieldTypes":"roles=e"},{"@type":"d","@rid":"#66:3","@version":2,"@class":"user_role_mapping","userId":"khristian.wibowo","source":"LDAP","roles":["nexus-repo-admin","nexus-puller"],"@fieldTypes":"roles=e"},{"@type":"d","@rid":"#66:4","@version":2,"@class":"user_role_mapping","userId":"vanny.wijaya","source":"LDAP","roles":["nexus-repo-admin","nexus-puller"],"@fieldTypes":"roles=e"},{"@type":"d","@rid":"#66:6","@version":1,"@class":"user_role_mapping","userId":"nexus.puller","source":"LDAP","roles":["nexus-puller"],"@fieldTypes":"roles=e"},{"@type":"d","@rid":"#66:7","@version":1,"@class":"user_role_mapping","userId":"nexus-puller-pusher","source":"default","roles":["nexus-pusher"],"@fieldTypes":"roles=e"},{"@type":"d","@rid":"#67:1","@version":1,"@class":"user_role_mapping","userId":"nexus-puller","source":"default","roles":["nexus-puller"],"@fieldTypes":"roles=e"},{"@type":"d","@rid":"#68:0","@version":1,"@class":"user_role_mapping","userId":"security.testing","source":"LDAP","roles":["nx-admin"],"@fieldTypes":"roles=e"},{"@type":"d","@rid":"#68:1","@version":3,"@class":"user_role_mapping","userId":"nexus-pusher","source":"default","roles":["nexus-pusher"],"@fieldTypes":"roles=e"},{"@type":"d","@rid":"#70:0","@version":3,"@class":"user_role_mapping","userId":"nexus.pusher","source":"LDAP","roles":["nexus-pusher"],"@fieldTypes":"roles=e"},{"@type":"d","@rid":"#71:0","@version":1,"@class":"user_role_mapping","userId":"Thomas.Satyananda","source":"LDAP","roles":["nx-admin"],"@fieldTypes":"roles=e"},{"@type":"d","@rid":"#71:2","@version":1,"@class":"user_role_mapping","userId":"nexus-repo-admin","source":"default","roles":["nexus-repo-admin"],"@fieldTypes":"roles=e"},{"@type":"d","@rid":"#73:0","@version":9,"@class":"anonymous","enabled":false,"user_id":"anonymous","realm_name":"NexusAuthorizingRealm"},{"@type":"d","@rid":"#74:0","@version":19,"@class":"realm","realm_names":["User-Token-Realm","NexusAuthenticatingRealm","LdapRealm","NuGetApiKey","NpmToken","NexusAuthorizingRealm"]}],"brokenRids":[],"indexes":[{"name":"OUser.name","type":"UNIQUE","algorithm":"SBTREE","clustersToIndex":["ouser"],"definition":{"defClass":"com.orientechnologies.orient.core.index.OPropertyIndexDefinition","stream":{"@type":"d","@version":0,"className":"OUser","field":"name","keyType":"STRING","collate":"ci","nullValuesIgnored":false}}},{"name":"saml_user_id_idx","type":"UNIQUE","algorithm":"SBTREE","clustersToIndex":["saml_user_1","saml_user_7","saml_user","saml_user_6","saml_user_3","saml_user_2","saml_user_5","saml_user_4"],"definition":{"defClass":"com.orientechnologies.orient.core.index.OPropertyIndexDefinition","stream":{"@type":"d","@version":0,"className":"saml_user","field":"id","keyType":"STRING","collate":"default","nullValuesIgnored":false}}},{"name":"role_id_idx","type":"UNIQUE","algorithm":"SBTREE","clustersToIndex":["role","role_7","role_6","role_5","role_4","role_3","role_2","role_1"],"definition":{"defClass":"com.orientechnologies.orient.core.index.OPropertyIndexDefinition","stream":{"@type":"d","@version":0,"className":"role","field":"id","keyType":"STRING","collate":"default","nullValuesIgnored":false}}},{"name":"user_role_mapping_userid_source_idx","type":"UNIQUE","algorithm":"SBTREE","clustersToIndex":["user_role_mapping","user_role_mapping_7","user_role_mapping_6","user_role_mapping_5","user_role_mapping_4","user_role_mapping_3","user_role_mapping_2","user_role_mapping_1"],"definition":{"defClass":"com.orientechnologies.orient.core.index.OCompositeIndexDefinition","stream":{"@type":"d","@version":0,"className":"user_role_mapping","indexDefinitions":[{"@type":"d","@version":0,"className":"user_role_mapping","field":"userId","keyType":"STRING","collate":"default","nullValuesIgnored":true},{"@type":"d","@version":0,"className":"user_role_mapping","field":"source","keyType":"STRING","collate":"default","nullValuesIgnored":true}],"indClasses":["com.orientechnologies.orient.core.index.OPropertyIndexDefinition","com.orientechnologies.orient.core.index.OPropertyIndexDefinition"],"nullValuesIgnored":false}}},{"name":"OFunction.name","type":"UNIQUE_HASH_INDEX","algorithm":"HASH_INDEX","clustersToIndex":["ofunction"],"definition":{"defClass":"com.orientechnologies.orient.core.index.OPropertyIndexDefinition","stream":{"@type":"d","@version":0,"className":"OFunction","field":"name","keyType":"STRING","collate":"default","nullValuesIgnored":false}}},{"name":"dictionary","type":"DICTIONARY","algorithm":"SBTREE","definition":{"defClass":"com.orientechnologies.orient.core.index.OSimpleKeyIndexDefinition","stream":{"@type":"d","@version":0,"keyTypes":["STRING"],"collate":"default","nullValuesIgnored":false}},"metadata":{"@type":"d","@version":0,"durableInNonTxMode":true,"trackMode":"FULL"}},{"name":"privilege_id_idx","type":"UNIQUE","algorithm":"SBTREE","clustersToIndex":["privilege_6","privilege_7","privilege","privilege_1","privilege_2","privilege_3","privilege_4","privilege_5"],"definition":{"defClass":"com.orientechnologies.orient.core.index.OPropertyIndexDefinition","stream":{"@type":"d","@version":0,"className":"privilege","field":"id","keyType":"STRING","collate":"default","nullValuesIgnored":false}}},{"name":"user_id_idx","type":"UNIQUE","algorithm":"SBTREE","clustersToIndex":["user_3","user_2","user_1","user_7","user_6","user_5","user_4","user"],"definition":{"defClass":"com.orientechnologies.orient.core.index.OPropertyIndexDefinition","stream":{"@type":"d","@version":0,"className":"user","field":"id","keyType":"STRING","collate":"default","nullValuesIgnored":false}}},{"name":"ORole.name","type":"UNIQUE","algorithm":"SBTREE","clustersToIndex":["orole"],"definition":{"defClass":"com.orientechnologies.orient.core.index.OPropertyIndexDefinition","stream":{"@type":"d","@version":0,"className":"ORole","field":"name","keyType":"STRING","collate":"ci","nullValuesIgnored":false}}}],"manualIndexes":[{"name":"dictionary","content":[{"@type":"d","@version":0,"binary":false,"key":"anonymous.SINGLETON","rid":"#73:0","@fieldTypes":"rid=x"},{"@type":"d","@version":0,"binary":false,"key":"realm.SINGLETON","rid":"#74:0","@fieldTypes":"rid=x"}]}]}