{
    "cocoapods": "1.1",
    "p2": "1.2",
    "maven": "1.4",
    "conan": "1.2",
    "npm": "1.1",
    "nuget": "1.1",
    "usertoken": "1.4",
    "rubygems": "1.4",
    "tags": "1.1",
    "docker": "1.1",
    "SettingsCapability": "1.1",
    "healthcheck": "1.1",
    "component": "1.16",
    "security": "1.3",
    "OrientBlobReconciliationLogMigrator": "1.1",
    "elasticsearch": "1.5",
    "firewall": "1.1",
    "api_key": "1.1",
    "pypi": "1.2",
    "truststore": "2.0",
    "replication_connection": "1.1",
    "config": "1.10"
}