{
  "Available CPUs" : {
    "healthy" : true,
    "message" : "The host system is allocating a maximum of 12 cores to the application.",
    "duration" : 0,
    "timestamp" : "2024-06-28T16:25:28.453+07:00"
  },
  "Blob Stores Quota" : {
    "healthy" : true,
    "message" : "0/54 blob stores violating their quota<br>",
    "duration" : 1,
    "timestamp" : "2024-06-28T16:25:28.456+07:00"
  },
  "Blob Stores Ready" : {
    "healthy" : true,
    "message" : "0/54 blob stores report issues<br>",
    "duration" : 10,
    "timestamp" : "2024-06-28T16:25:28.424+07:00"
  },
  "Coordinate Content Selectors" : {
    "healthy" : true,
    "message" : "No content selectors using coordinates found.",
    "duration" : 0,
    "timestamp" : "2024-06-28T16:25:28.456+07:00"
  },
  "Default Admin Credentials" : {
    "healthy" : true,
    "duration" : 3,
    "timestamp" : "2024-06-28T16:25:28.452+07:00"
  },
  "DefaultRoleRealm" : {
    "healthy" : true,
    "message" : "Default Role Realm not in use.",
    "duration" : 0,
    "timestamp" : "2024-06-28T16:25:28.494+07:00"
  },
  "File Blob Stores Path" : {
    "healthy" : true,
    "duration" : 38,
    "timestamp" : "2024-06-28T16:25:28.494+07:00"
  },
  "File Descriptors" : {
    "healthy" : true,
    "duration" : 0,
    "timestamp" : "2024-06-28T16:25:28.454+07:00"
  },
  "Licensing" : {
    "healthy" : true,
    "duration" : 0,
    "timestamp" : "2024-06-28T16:25:28.453+07:00"
  },
  "Lifecycle Phase" : {
    "healthy" : true,
    "duration" : 0,
    "timestamp" : "2024-06-28T16:25:28.452+07:00"
  },
  "NuGet V2 repositories" : {
    "healthy" : true,
    "message" : "Migrate the following NuGet version 2 repositories to NuGet version 3: repo_nuget_proxy",
    "duration" : 0,
    "timestamp" : "2024-06-28T16:25:28.414+07:00"
  },
  "Read-Only Detector" : {
    "healthy" : true,
    "duration" : 0,
    "timestamp" : "2024-06-28T16:25:28.453+07:00"
  },
  "Recent version" : {
    "healthy" : true,
    "duration" : 0,
    "timestamp" : "2024-06-28T16:25:28.449+07:00"
  },
  "Scheduler" : {
    "healthy" : true,
    "duration" : 24,
    "timestamp" : "2024-06-28T16:25:28.448+07:00"
  },
  "Scripting" : {
    "healthy" : true,
    "message" : "Scripting is disabled.",
    "duration" : 0,
    "timestamp" : "2024-06-28T16:25:28.453+07:00"
  },
  "Thread Deadlock Detector" : {
    "healthy" : true,
    "duration" : 1,
    "timestamp" : "2024-06-28T16:25:28.454+07:00"
  },
  "Transactions" : {
    "healthy" : true,
    "duration" : 0,
    "timestamp" : "2024-06-28T16:25:28.454+07:00"
  }
}